5,Fert,Water,Yield
50.0,A,High,27.4
100.0,A,High,33.6
146.6666667,A,High,29.8
194.1666667,A,High,35.2
241.6666667,A,High,33.0
289.1666667,B,High,34.8
336.6666667,B,High,27.0
384.1666667,B,High,30.2
431.6666667,B,High,30.8
479.1666667,B,High,26.4
526.6666667,A,Low,32.0
574.1666667,A,Low,32.2
621.6666667,A,Low,26.0
669.1666667,A,Low,33.4
716.6666667,A,Low,26.4
764.1666667,B,Low,26.8
811.6666667,B,Low,23.2
859.1666667,B,Low,29.4
906.6666667,B,Low,19.4
954.1666667,B,Low,23.8
